<?xml version="1.0" encoding="UTF-8"?>
<project-private xmlns="http://www.netbeans.org/ns/project-private/1">
    <editor-bookmarks xmlns="http://www.netbeans.org/ns/editor-bookmarks/2" lastBookmarkId="0"/>
    <open-files xmlns="http://www.netbeans.org/ns/projectui-open-files/2">
        <group>
            <file>file:/home/dax/Descargas/dam2-m06-uf3-SchoolAppWithExistDb/src/cat/proven/schoolmanager/views/MainView.java</file>
            <file>file:/home/dax/Descargas/dam2-m06-uf3-SchoolAppWithExistDb/src/cat/proven/schoolmanager/model/SchoolModel.java</file>
            <file>file:/home/dax/Descargas/dam2-m06-uf3-SchoolAppWithExistDb/src/cat/proven/schoolmanager/controllers/MainController.java</file>
        </group>
    </open-files>
</project-private>
