<?xml version="1.0" encoding="UTF-8"?>
<project-private xmlns="http://www.netbeans.org/ns/project-private/1">
    <editor-bookmarks xmlns="http://www.netbeans.org/ns/editor-bookmarks/2" lastBookmarkId="0"/>
    <open-files xmlns="http://www.netbeans.org/ns/projectui-open-files/2">
        <group>
            <file>file:/D:/ws_23-24/EmployeeFilePersist_template/src/cat/proven/employeefilepersist/model/persist/FilePersistInterface.java</file>
            <file>file:/D:/ws_23-24/EmployeeFilePersist_template/src/cat/proven/employeefilepersist/model/persist/EmployeeObjFilePersist.java</file>
            <file>file:/D:/ws_23-24/EmployeeFilePersist_template/src/cat/proven/employeefilepersist/ReadCsv.java</file>
            <file>file:/D:/ws_23-24/EmployeeFilePersist_template/src/cat/proven/employeefilepersist/ReadObj.java</file>
            <file>file:/D:/ws_23-24/EmployeeFilePersist_template/src/cat/proven/employeefilepersist/model/persist/EmployeeBinFilePersist.java</file>
            <file>file:/D:/ws_23-24/EmployeeFilePersist_template/src/cat/proven/employeefilepersist/model/persist/EmployeeCsvFilePersist.java</file>
        </group>
    </open-files>
</project-private>
