<students>
    <student id="s001">
        <name>Maria Lluisa</name>
        <surname>Pérez Lluch</surname>
        <emails>
            <email>email001@hotmail.com</email>
        </emails>
        <age>21</age>
    </student>
    <student id="s002">
        <name>Joan Anton</name>
        <surname>Martínez Ruiz</surname>
        <emails>
            <email>email002@hotmail.com</email>
            <email>email2002@hotmail.com</email>
        </emails>
        <age>12</age>
    </student>
</students>
